Any,Codi_Districte,Nom_Districte,Codi_Barri,Nom_Barri,Seccio_Censal,Total
2016,1,Ciutat Vella,1,el Raval,1,584
2016,1,Ciutat Vella,1,el Raval,2,370
2016,1,Ciutat Vella,1,el Raval,3,722
2016,1,Ciutat Vella,1,el Raval,4,797
2016,1,Ciutat Vella,1,el Raval,5,587
2016,1,Ciutat Vella,1,el Raval,6,382
2016,1,Ciutat Vella,1,el Raval,7,439
2016,1,Ciutat Vella,1,el Raval,8,575
2016,1,Ciutat Vella,1,el Raval,9,483
2016,1,Ciutat Vella,1,el Raval,10,504
2016,1,Ciutat Vella,1,el Raval,11,636
2016,1,Ciutat Vella,1,el Raval,12,415
2016,1,Ciutat Vella,1,el Raval,13,347
2016,1,Ciutat Vella,1,el Raval,14,359
2016,1,Ciutat Vella,1,el Raval,15,634
2016,1,Ciutat Vella,1,el Raval,16,401
2016,1,Ciutat Vella,1,el Raval,17,493
2016,1,Ciutat Vella,1,el Raval,18,387
2016,1,Ciutat Vella,1,el Raval,19,660
2016,1,Ciutat Vella,1,el Raval,20,669
2016,1,Ciutat Vella,1,el Raval,21,804
2016,1,Ciutat Vella,2,el Gòtic,22,468
2016,1,Ciutat Vella,2,el Gòtic,23,863
2016,1,Ciutat Vella,2,el Gòtic,25,4512
2016,1,Ciutat Vella,2,el Gòtic,26,1910
2016,1,Ciutat Vella,2,el Gòtic,27,1582
2016,1,Ciutat Vella,2,el Gòtic,28,605
2016,1,Ciutat Vella,2,el Gòtic,29,426
2016,1,Ciutat Vella,2,el Gòtic,30,1284
2016,1,Ciutat Vella,2,el Gòtic,31,792
2016,1,Ciutat Vella,3,la Barceloneta,32,1203
2016,1,Ciutat Vella,3,la Barceloneta,33,410
2016,1,Ciutat Vella,3,la Barceloneta,34,368
2016,1,Ciutat Vella,3,la Barceloneta,35,446
2016,1,Ciutat Vella,3,la Barceloneta,36,664
2016,1,Ciutat Vella,3,la Barceloneta,37,541
2016,1,Ciutat Vella,3,la Barceloneta,38,462
2016,1,Ciutat Vella,3,la Barceloneta,39,545
2016,1,Ciutat Vella,3,la Barceloneta,40,461
2016,1,Ciutat Vella,3,la Barceloneta,41,579
2016,1,Ciutat Vella,3,la Barceloneta,42,651
2016,1,Ciutat Vella,4,"Sant Pere, Santa Caterina i la Ribera",43,679
2016,1,Ciutat Vella,4,"Sant Pere, Santa Caterina i la Ribera",44,692
2016,1,Ciutat Vella,4,"Sant Pere, Santa Caterina i la Ribera",45,655
2016,1,Ciutat Vella,4,"Sant Pere, Santa Caterina i la Ribera",46,630
2016,1,Ciutat Vella,4,"Sant Pere, Santa Caterina i la Ribera",47,565
2016,1,Ciutat Vella,4,"Sant Pere, Santa Caterina i la Ribera",48,609
2016,1,Ciutat Vella,4,"Sant Pere, Santa Caterina i la Ribera",49,539
2016,1,Ciutat Vella,4,"Sant Pere, Santa Caterina i la Ribera",50,431
2016,1,Ciutat Vella,4,"Sant Pere, Santa Caterina i la Ribera",51,443
2016,1,Ciutat Vella,4,"Sant Pere, Santa Caterina i la Ribera",52,986
2016,1,Ciutat Vella,4,"Sant Pere, Santa Caterina i la Ribera",53,571
2016,1,Ciutat Vella,4,"Sant Pere, Santa Caterina i la Ribera",54,424
2016,1,Ciutat Vella,4,"Sant Pere, Santa Caterina i la Ribera",55,533
2016,2,Eixample,5,el Fort Pienc,1,665
2016,2,Eixample,5,el Fort Pienc,2,756
2016,2,Eixample,5,el Fort Pienc,3,497
2016,2,Eixample,5,el Fort Pienc,4,678
2016,2,Eixample,5,el Fort Pienc,5,1096
2016,2,Eixample,5,el Fort Pienc,6,802
2016,2,Eixample,5,el Fort Pienc,7,615
2016,2,Eixample,5,el Fort Pienc,8,932
2016,2,Eixample,5,el Fort Pienc,9,877
2016,2,Eixample,5,el Fort Pienc,10,603
2016,2,Eixample,5,el Fort Pienc,11,586
2016,2,Eixample,5,el Fort Pienc,12,747
2016,2,Eixample,5,el Fort Pienc,13,618
2016,2,Eixample,5,el Fort Pienc,14,538
2016,2,Eixample,5,el Fort Pienc,15,675
2016,2,Eixample,5,el Fort Pienc,16,946
2016,2,Eixample,5,el Fort Pienc,17,977
2016,2,Eixample,5,el Fort Pienc,18,990
2016,2,Eixample,5,el Fort Pienc,19,1004
2016,2,Eixample,5,el Fort Pienc,20,632
2016,2,Eixample,6,la Sagrada Família,21,643
2016,2,Eixample,6,la Sagrada Família,22,538
2016,2,Eixample,6,la Sagrada Família,23,521
2016,2,Eixample,6,la Sagrada Família,24,502
2016,2,Eixample,6,la Sagrada Família,25,482
2016,2,Eixample,6,la Sagrada Família,26,919
2016,2,Eixample,6,la Sagrada Família,27,862
2016,2,Eixample,6,la Sagrada Família,28,1042
2016,2,Eixample,6,la Sagrada Família,29,542
2016,2,Eixample,6,la Sagrada Família,30,513
2016,2,Eixample,6,la Sagrada Família,31,505
2016,2,Eixample,6,la Sagrada Família,32,514
2016,2,Eixample,6,la Sagrada Família,33,564
2016,2,Eixample,6,la Sagrada Família,34,476
2016,2,Eixample,6,la Sagrada Família,35,546
2016,2,Eixample,6,la Sagrada Família,36,580
2016,2,Eixample,6,la Sagrada Família,37,606
2016,2,Eixample,6,la Sagrada Família,38,925
2016,2,Eixample,6,la Sagrada Família,39,688
2016,2,Eixample,6,la Sagrada Família,40,720
2016,2,Eixample,6,la Sagrada Família,41,761
2016,2,Eixample,6,la Sagrada Família,42,863
2016,2,Eixample,6,la Sagrada Família,43,658
2016,2,Eixample,6,la Sagrada Família,44,605
2016,2,Eixample,6,la Sagrada Família,45,564
2016,2,Eixample,6,la Sagrada Família,46,714
2016,2,Eixample,6,la Sagrada Família,47,803
2016,2,Eixample,6,la Sagrada Família,48,514
2016,2,Eixample,6,la Sagrada Família,49,897
2016,2,Eixample,6,la Sagrada Família,50,745
2016,2,Eixample,6,la Sagrada Família,51,919
2016,2,Eixample,6,la Sagrada Família,52,847
2016,2,Eixample,6,la Sagrada Família,53,838
2016,2,Eixample,6,la Sagrada Família,54,933
2016,2,Eixample,7,la Dreta de l'Eixample,55,841
2016,2,Eixample,7,la Dreta de l'Eixample,56,689
2016,2,Eixample,7,la Dreta de l'Eixample,57,702
2016,2,Eixample,7,la Dreta de l'Eixample,58,747
2016,2,Eixample,7,la Dreta de l'Eixample,59,930
2016,2,Eixample,7,la Dreta de l'Eixample,60,879
2016,2,Eixample,7,la Dreta de l'Eixample,61,734
2016,2,Eixample,7,la Dreta de l'Eixample,62,840
2016,2,Eixample,7,la Dreta de l'Eixample,63,824
2016,2,Eixample,7,la Dreta de l'Eixample,64,786
2016,2,Eixample,7,la Dreta de l'Eixample,65,978
2016,2,Eixample,7,la Dreta de l'Eixample,66,936
2016,2,Eixample,7,la Dreta de l'Eixample,67,788
2016,2,Eixample,7,la Dreta de l'Eixample,68,1028
2016,2,Eixample,7,la Dreta de l'Eixample,69,759
2016,2,Eixample,7,la Dreta de l'Eixample,70,822
2016,2,Eixample,7,la Dreta de l'Eixample,71,1065
2016,2,Eixample,7,la Dreta de l'Eixample,72,754
2016,2,Eixample,7,la Dreta de l'Eixample,73,902
2016,2,Eixample,7,la Dreta de l'Eixample,74,742
2016,2,Eixample,7,la Dreta de l'Eixample,75,732
2016,2,Eixample,7,la Dreta de l'Eixample,76,1037
2016,2,Eixample,7,la Dreta de l'Eixample,77,1789
2016,2,Eixample,7,la Dreta de l'Eixample,78,1652
2016,2,Eixample,7,la Dreta de l'Eixample,79,1870
2016,2,Eixample,7,la Dreta de l'Eixample,80,1541
2016,2,Eixample,7,la Dreta de l'Eixample,81,2184
2016,2,Eixample,7,la Dreta de l'Eixample,82,845
2016,2,Eixample,7,la Dreta de l'Eixample,83,2323
2016,2,Eixample,8,l'Antiga Esquerra de l'Eixample,84,1158
2016,2,Eixample,8,l'Antiga Esquerra de l'Eixample,85,1109
2016,2,Eixample,8,l'Antiga Esquerra de l'Eixample,86,1037
2016,2,Eixample,8,l'Antiga Esquerra de l'Eixample,87,634
2016,2,Eixample,8,l'Antiga Esquerra de l'Eixample,88,1063
2016,2,Eixample,8,l'Antiga Esquerra de l'Eixample,89,1138
2016,2,Eixample,8,l'Antiga Esquerra de l'Eixample,90,742
2016,2,Eixample,8,l'Antiga Esquerra de l'Eixample,91,891
2016,2,Eixample,8,l'Antiga Esquerra de l'Eixample,92,1010
2016,2,Eixample,8,l'Antiga Esquerra de l'Eixample,93,844
2016,2,Eixample,8,l'Antiga Esquerra de l'Eixample,94,758
2016,2,Eixample,8,l'Antiga Esquerra de l'Eixample,95,731
2016,2,Eixample,8,l'Antiga Esquerra de l'Eixample,96,720
2016,2,Eixample,8,l'Antiga Esquerra de l'Eixample,97,514
2016,2,Eixample,8,l'Antiga Esquerra de l'Eixample,98,715
2016,2,Eixample,8,l'Antiga Esquerra de l'Eixample,99,748
2016,2,Eixample,8,l'Antiga Esquerra de l'Eixample,100,708
2016,2,Eixample,8,l'Antiga Esquerra de l'Eixample,101,970
2016,2,Eixample,8,l'Antiga Esquerra de l'Eixample,102,767
2016,2,Eixample,8,l'Antiga Esquerra de l'Eixample,103,754
2016,2,Eixample,8,l'Antiga Esquerra de l'Eixample,104,627
2016,2,Eixample,8,l'Antiga Esquerra de l'Eixample,105,943
2016,2,Eixample,8,l'Antiga Esquerra de l'Eixample,106,874
2016,2,Eixample,8,l'Antiga Esquerra de l'Eixample,107,1050
2016,2,Eixample,8,l'Antiga Esquerra de l'Eixample,108,1095
2016,2,Eixample,8,l'Antiga Esquerra de l'Eixample,109,1269
2016,2,Eixample,9,la Nova Esquerra de l'Eixample,110,982
2016,2,Eixample,9,la Nova Esquerra de l'Eixample,111,1010
2016,2,Eixample,9,la Nova Esquerra de l'Eixample,112,945
2016,2,Eixample,9,la Nova Esquerra de l'Eixample,113,1300
2016,2,Eixample,9,la Nova Esquerra de l'Eixample,114,829
2016,2,Eixample,9,la Nova Esquerra de l'Eixample,115,599
2016,2,Eixample,9,la Nova Esquerra de l'Eixample,116,560
2016,2,Eixample,9,la Nova Esquerra de l'Eixample,117,676
2016,2,Eixample,9,la Nova Esquerra de l'Eixample,118,882
2016,2,Eixample,9,la Nova Esquerra de l'Eixample,119,698
2016,2,Eixample,9,la Nova Esquerra de l'Eixample,120,646
2016,2,Eixample,9,la Nova Esquerra de l'Eixample,121,1077
2016,2,Eixample,9,la Nova Esquerra de l'Eixample,122,606
2016,2,Eixample,9,la Nova Esquerra de l'Eixample,123,538
2016,2,Eixample,9,la Nova Esquerra de l'Eixample,124,682
2016,2,Eixample,9,la Nova Esquerra de l'Eixample,125,844
2016,2,Eixample,9,la Nova Esquerra de l'Eixample,126,887
2016,2,Eixample,9,la Nova Esquerra de l'Eixample,127,1255
2016,2,Eixample,9,la Nova Esquerra de l'Eixample,128,543
2016,2,Eixample,9,la Nova Esquerra de l'Eixample,129,835
2016,2,Eixample,9,la Nova Esquerra de l'Eixample,130,715
2016,2,Eixample,9,la Nova Esquerra de l'Eixample,131,612
2016,2,Eixample,9,la Nova Esquerra de l'Eixample,132,576
2016,2,Eixample,9,la Nova Esquerra de l'Eixample,133,489
2016,2,Eixample,9,la Nova Esquerra de l'Eixample,134,741
2016,2,Eixample,9,la Nova Esquerra de l'Eixample,135,873
2016,2,Eixample,9,la Nova Esquerra de l'Eixample,136,472
2016,2,Eixample,9,la Nova Esquerra de l'Eixample,137,648
2016,2,Eixample,9,la Nova Esquerra de l'Eixample,138,1037
2016,2,Eixample,9,la Nova Esquerra de l'Eixample,139,700
2016,2,Eixample,9,la Nova Esquerra de l'Eixample,140,921
2016,2,Eixample,9,la Nova Esquerra de l'Eixample,141,562
2016,2,Eixample,9,la Nova Esquerra de l'Eixample,142,855
2016,2,Eixample,9,la Nova Esquerra de l'Eixample,143,639
2016,2,Eixample,9,la Nova Esquerra de l'Eixample,144,616
2016,2,Eixample,9,la Nova Esquerra de l'Eixample,145,562
2016,2,Eixample,9,la Nova Esquerra de l'Eixample,146,656
2016,2,Eixample,9,la Nova Esquerra de l'Eixample,147,939
2016,2,Eixample,9,la Nova Esquerra de l'Eixample,148,866
2016,2,Eixample,9,la Nova Esquerra de l'Eixample,149,741
2016,2,Eixample,10,Sant Antoni,150,639
2016,2,Eixample,10,Sant Antoni,151,648
2016,2,Eixample,10,Sant Antoni,152,670
2016,2,Eixample,10,Sant Antoni,153,699
2016,2,Eixample,10,Sant Antoni,154,451
2016,2,Eixample,10,Sant Antoni,155,800
2016,2,Eixample,10,Sant Antoni,156,661
2016,2,Eixample,10,Sant Antoni,157,498
2016,2,Eixample,10,Sant Antoni,158,883
2016,2,Eixample,10,Sant Antoni,159,862
2016,2,Eixample,10,Sant Antoni,160,940
2016,2,Eixample,10,Sant Antoni,161,439
2016,2,Eixample,10,Sant Antoni,162,464
2016,2,Eixample,10,Sant Antoni,163,900
2016,2,Eixample,10,Sant Antoni,164,649
2016,2,Eixample,10,Sant Antoni,165,718
2016,2,Eixample,10,Sant Antoni,166,801
2016,2,Eixample,10,Sant Antoni,167,1034
2016,2,Eixample,10,Sant Antoni,168,886
2016,2,Eixample,10,Sant Antoni,169,606
2016,2,Eixample,10,Sant Antoni,170,646
2016,2,Eixample,10,Sant Antoni,171,635
2016,2,Eixample,10,Sant Antoni,172,611
2016,2,Eixample,10,Sant Antoni,173,683
2016,3,Sants-Montjuïc,11,el Poble Sec,1,701
2016,3,Sants-Montjuïc,11,el Poble Sec,2,781
2016,3,Sants-Montjuïc,11,el Poble Sec,3,580
2016,3,Sants-Montjuïc,11,el Poble Sec,4,648
2016,3,Sants-Montjuïc,11,el Poble Sec,5,571
2016,3,Sants-Montjuïc,11,el Poble Sec,6,595
2016,3,Sants-Montjuïc,11,el Poble Sec,7,596
2016,3,Sants-Montjuïc,11,el Poble Sec,8,412
2016,3,Sants-Montjuïc,11,el Poble Sec,9,506
2016,3,Sants-Montjuïc,11,el Poble Sec,10,610
2016,3,Sants-Montjuïc,11,el Poble Sec,11,564
2016,3,Sants-Montjuïc,11,el Poble Sec,12,756
2016,3,Sants-Montjuïc,11,el Poble Sec,13,583
2016,3,Sants-Montjuïc,11,el Poble Sec,14,581
2016,3,Sants-Montjuïc,11,el Poble Sec,15,939
2016,3,Sants-Montjuïc,11,el Poble Sec,16,347
2016,3,Sants-Montjuïc,11,el Poble Sec,17,532
2016,3,Sants-Montjuïc,11,el Poble Sec,18,598
2016,3,Sants-Montjuïc,11,el Poble Sec,19,491
2016,3,Sants-Montjuïc,11,el Poble Sec,20,751
2016,3,Sants-Montjuïc,11,el Poble Sec,21,465
2016,3,Sants-Montjuïc,11,el Poble Sec,22,578
2016,3,Sants-Montjuïc,11,el Poble Sec,23,642
2016,3,Sants-Montjuïc,11,el Poble Sec,24,941
2016,3,Sants-Montjuïc,12,la Marina del Prat Vermell,25,8898
2016,3,Sants-Montjuïc,13,la Marina de Port,26,531
2016,3,Sants-Montjuïc,13,la Marina de Port,27,783
2016,3,Sants-Montjuïc,13,la Marina de Port,28,1432
2016,3,Sants-Montjuïc,13,la Marina de Port,29,488
2016,3,Sants-Montjuïc,13,la Marina de Port,30,828
2016,3,Sants-Montjuïc,13,la Marina de Port,31,1249
2016,3,Sants-Montjuïc,13,la Marina de Port,32,767
2016,3,Sants-Montjuïc,13,la Marina de Port,33,492
2016,3,Sants-Montjuïc,13,la Marina de Port,34,876
2016,3,Sants-Montjuïc,13,la Marina de Port,35,1191
2016,3,Sants-Montjuïc,13,la Marina de Port,36,1182
2016,3,Sants-Montjuïc,13,la Marina de Port,37,500
2016,3,Sants-Montjuïc,13,la Marina de Port,38,500
2016,3,Sants-Montjuïc,13,la Marina de Port,39,940
2016,3,Sants-Montjuïc,14,la Font de la Guatlla,40,894
2016,3,Sants-Montjuïc,14,la Font de la Guatlla,41,575
2016,3,Sants-Montjuïc,14,la Font de la Guatlla,42,677
2016,3,Sants-Montjuïc,14,la Font de la Guatlla,43,714
2016,3,Sants-Montjuïc,14,la Font de la Guatlla,44,764
2016,3,Sants-Montjuïc,14,la Font de la Guatlla,45,495
2016,3,Sants-Montjuïc,14,la Font de la Guatlla,46,757
2016,3,Sants-Montjuïc,15,Hostafrancs,47,812
2016,3,Sants-Montjuïc,15,Hostafrancs,48,1004
2016,3,Sants-Montjuïc,15,Hostafrancs,49,754
2016,3,Sants-Montjuïc,15,Hostafrancs,50,614
2016,3,Sants-Montjuïc,15,Hostafrancs,51,683
2016,3,Sants-Montjuïc,15,Hostafrancs,52,467
2016,3,Sants-Montjuïc,15,Hostafrancs,53,796
2016,3,Sants-Montjuïc,15,Hostafrancs,54,797
2016,3,Sants-Montjuïc,15,Hostafrancs,55,695
2016,3,Sants-Montjuïc,15,Hostafrancs,56,458
2016,3,Sants-Montjuïc,16,la Bordeta,57,674
2016,3,Sants-Montjuïc,16,la Bordeta,58,530
2016,3,Sants-Montjuïc,16,la Bordeta,59,525
2016,3,Sants-Montjuïc,16,la Bordeta,60,638
2016,3,Sants-Montjuïc,16,la Bordeta,61,424
2016,3,Sants-Montjuïc,16,la Bordeta,62,694
2016,3,Sants-Montjuïc,16,la Bordeta,63,571
2016,3,Sants-Montjuïc,16,la Bordeta,64,775
2016,3,Sants-Montjuïc,16,la Bordeta,65,761
2016,3,Sants-Montjuïc,16,la Bordeta,66,1049
2016,3,Sants-Montjuïc,16,la Bordeta,67,804
2016,3,Sants-Montjuïc,16,la Bordeta,68,549
2016,3,Sants-Montjuïc,16,la Bordeta,69,587
2016,3,Sants-Montjuïc,17,Sants - Badal,70,654
2016,3,Sants-Montjuïc,17,Sants - Badal,71,445
2016,3,Sants-Montjuïc,17,Sants - Badal,72,553
2016,3,Sants-Montjuïc,17,Sants - Badal,73,653
2016,3,Sants-Montjuïc,17,Sants - Badal,74,830
2016,3,Sants-Montjuïc,17,Sants - Badal,75,741
2016,3,Sants-Montjuïc,17,Sants - Badal,76,441
2016,3,Sants-Montjuïc,17,Sants - Badal,77,544
2016,3,Sants-Montjuïc,17,Sants - Badal,78,672
2016,3,Sants-Montjuïc,17,Sants - Badal,79,625
2016,3,Sants-Montjuïc,17,Sants - Badal,80,682
2016,3,Sants-Montjuïc,17,Sants - Badal,81,867
2016,3,Sants-Montjuïc,17,Sants - Badal,82,921
2016,3,Sants-Montjuïc,17,Sants - Badal,83,669
2016,3,Sants-Montjuïc,17,Sants - Badal,84,769
2016,3,Sants-Montjuïc,17,Sants - Badal,85,594
2016,3,Sants-Montjuïc,18,Sants,86,788
2016,3,Sants-Montjuïc,18,Sants,87,700
2016,3,Sants-Montjuïc,18,Sants,88,671
2016,3,Sants-Montjuïc,18,Sants,89,574
2016,3,Sants-Montjuïc,18,Sants,90,447
2016,3,Sants-Montjuïc,18,Sants,91,674
2016,3,Sants-Montjuïc,18,Sants,92,546
2016,3,Sants-Montjuïc,18,Sants,93,785
2016,3,Sants-Montjuïc,18,Sants,94,479
2016,3,Sants-Montjuïc,18,Sants,95,598
2016,3,Sants-Montjuïc,18,Sants,96,559
2016,3,Sants-Montjuïc,18,Sants,97,540
2016,3,Sants-Montjuïc,18,Sants,98,513
2016,3,Sants-Montjuïc,18,Sants,99,395
2016,3,Sants-Montjuïc,18,Sants,100,515
2016,3,Sants-Montjuïc,18,Sants,101,513
2016,3,Sants-Montjuïc,18,Sants,102,559
2016,3,Sants-Montjuïc,18,Sants,103,521
2016,3,Sants-Montjuïc,18,Sants,104,608
2016,3,Sants-Montjuïc,18,Sants,105,447
2016,3,Sants-Montjuïc,18,Sants,106,508
2016,3,Sants-Montjuïc,18,Sants,107,841
2016,3,Sants-Montjuïc,18,Sants,108,643
2016,3,Sants-Montjuïc,18,Sants,109,655
2016,3,Sants-Montjuïc,18,Sants,110,708
2016,3,Sants-Montjuïc,18,Sants,111,566
2016,3,Sants-Montjuïc,18,Sants,112,971
2016,3,Sants-Montjuïc,18,Sants,113,868
2016,3,Sants-Montjuïc,18,Sants,114,953
2016,3,Sants-Montjuïc,13,la Marina de Port,211,754
2016,3,Sants-Montjuïc,13,la Marina de Port,212,991
2016,3,Sants-Montjuïc,13,la Marina de Port,213,905
2016,4,Les Corts,19,les Corts,1,688
2016,4,Les Corts,19,les Corts,2,2058
2016,4,Les Corts,19,les Corts,3,669
2016,4,Les Corts,19,les Corts,4,518
2016,4,Les Corts,19,les Corts,5,629
2016,4,Les Corts,19,les Corts,6,607
2016,4,Les Corts,19,les Corts,7,583
2016,4,Les Corts,19,les Corts,8,472
2016,4,Les Corts,19,les Corts,9,739
2016,4,Les Corts,19,les Corts,10,480
2016,4,Les Corts,19,les Corts,11,1066
2016,4,Les Corts,19,les Corts,12,877
2016,4,Les Corts,19,les Corts,13,786
2016,4,Les Corts,19,les Corts,14,368
2016,4,Les Corts,19,les Corts,15,1001
2016,4,Les Corts,19,les Corts,16,669
2016,4,Les Corts,19,les Corts,17,757
2016,4,Les Corts,19,les Corts,18,930
2016,4,Les Corts,19,les Corts,19,948
2016,4,Les Corts,19,les Corts,20,875
2016,4,Les Corts,19,les Corts,21,1088
2016,4,Les Corts,19,les Corts,22,983
2016,4,Les Corts,19,les Corts,23,1151
2016,4,Les Corts,19,les Corts,24,1215
2016,4,Les Corts,19,les Corts,25,631
2016,4,Les Corts,19,les Corts,26,733
2016,4,Les Corts,19,les Corts,27,716
2016,4,Les Corts,19,les Corts,28,707
2016,4,Les Corts,19,les Corts,29,1026
2016,4,Les Corts,19,les Corts,30,1087
2016,4,Les Corts,19,les Corts,31,755
2016,4,Les Corts,19,les Corts,32,901
2016,4,Les Corts,19,les Corts,33,647
2016,4,Les Corts,19,les Corts,34,1033
2016,4,Les Corts,19,les Corts,35,882
2016,4,Les Corts,20,la Maternitat i Sant Ramon,36,734
2016,4,Les Corts,20,la Maternitat i Sant Ramon,37,1229
2016,4,Les Corts,20,la Maternitat i Sant Ramon,38,750
2016,4,Les Corts,20,la Maternitat i Sant Ramon,39,622
2016,4,Les Corts,20,la Maternitat i Sant Ramon,40,652
2016,4,Les Corts,20,la Maternitat i Sant Ramon,41,624
2016,4,Les Corts,20,la Maternitat i Sant Ramon,42,836
2016,4,Les Corts,20,la Maternitat i Sant Ramon,43,1128
2016,4,Les Corts,20,la Maternitat i Sant Ramon,44,898
2016,4,Les Corts,20,la Maternitat i Sant Ramon,45,725
2016,4,Les Corts,20,la Maternitat i Sant Ramon,46,1745
2016,4,Les Corts,20,la Maternitat i Sant Ramon,47,1068
2016,4,Les Corts,20,la Maternitat i Sant Ramon,48,926
2016,4,Les Corts,20,la Maternitat i Sant Ramon,49,1053
2016,4,Les Corts,21,Pedralbes,50,1660
2016,4,Les Corts,21,Pedralbes,51,1098
2016,4,Les Corts,21,Pedralbes,52,2004
2016,4,Les Corts,21,Pedralbes,53,1024
2016,4,Les Corts,21,Pedralbes,54,965
2016,4,Les Corts,21,Pedralbes,55,1615
2016,4,Les Corts,21,Pedralbes,56,1608
2016,4,Les Corts,20,la Maternitat i Sant Ramon,84,920
2016,5,Sarrià-Sant Gervasi,22,"Vallvidrera, el Tibidabo i les Planes",1,956
2016,5,Sarrià-Sant Gervasi,22,"Vallvidrera, el Tibidabo i les Planes",2,1188
2016,5,Sarrià-Sant Gervasi,22,"Vallvidrera, el Tibidabo i les Planes",3,904
2016,5,Sarrià-Sant Gervasi,23,Sarrià,4,912
2016,5,Sarrià-Sant Gervasi,23,Sarrià,5,802
2016,5,Sarrià-Sant Gervasi,23,Sarrià,6,1559
2016,5,Sarrià-Sant Gervasi,23,Sarrià,7,977
2016,5,Sarrià-Sant Gervasi,23,Sarrià,8,987
2016,5,Sarrià-Sant Gervasi,23,Sarrià,9,1109
2016,5,Sarrià-Sant Gervasi,23,Sarrià,10,1037
2016,5,Sarrià-Sant Gervasi,23,Sarrià,11,888
2016,5,Sarrià-Sant Gervasi,23,Sarrià,12,978
2016,5,Sarrià-Sant Gervasi,23,Sarrià,13,1034
2016,5,Sarrià-Sant Gervasi,23,Sarrià,14,1152
2016,5,Sarrià-Sant Gervasi,23,Sarrià,15,918
2016,5,Sarrià-Sant Gervasi,23,Sarrià,16,1008
2016,5,Sarrià-Sant Gervasi,23,Sarrià,17,1388
2016,5,Sarrià-Sant Gervasi,23,Sarrià,18,833
2016,5,Sarrià-Sant Gervasi,23,Sarrià,19,1343
2016,5,Sarrià-Sant Gervasi,24,les Tres Torres,20,836
2016,5,Sarrià-Sant Gervasi,24,les Tres Torres,21,845
2016,5,Sarrià-Sant Gervasi,24,les Tres Torres,22,1347
2016,5,Sarrià-Sant Gervasi,24,les Tres Torres,23,1084
2016,5,Sarrià-Sant Gervasi,24,les Tres Torres,24,1615
2016,5,Sarrià-Sant Gervasi,24,les Tres Torres,25,1116
2016,5,Sarrià-Sant Gervasi,24,les Tres Torres,26,1237
2016,5,Sarrià-Sant Gervasi,24,les Tres Torres,27,1179
2016,5,Sarrià-Sant Gervasi,24,les Tres Torres,28,1201
2016,5,Sarrià-Sant Gervasi,24,les Tres Torres,29,1442
2016,5,Sarrià-Sant Gervasi,24,les Tres Torres,30,1222
2016,5,Sarrià-Sant Gervasi,25,Sant Gervasi - la Bonanova,31,1354
2016,5,Sarrià-Sant Gervasi,25,Sant Gervasi - la Bonanova,32,1290
2016,5,Sarrià-Sant Gervasi,25,Sant Gervasi - la Bonanova,33,992
2016,5,Sarrià-Sant Gervasi,25,Sant Gervasi - la Bonanova,34,789
2016,5,Sarrià-Sant Gervasi,25,Sant Gervasi - la Bonanova,35,954
2016,5,Sarrià-Sant Gervasi,25,Sant Gervasi - la Bonanova,36,1273
2016,5,Sarrià-Sant Gervasi,25,Sant Gervasi - la Bonanova,37,918
2016,5,Sarrià-Sant Gervasi,25,Sant Gervasi - la Bonanova,38,904
2016,5,Sarrià-Sant Gervasi,25,Sant Gervasi - la Bonanova,39,1188
2016,5,Sarrià-Sant Gervasi,25,Sant Gervasi - la Bonanova,40,877
2016,5,Sarrià-Sant Gervasi,25,Sant Gervasi - la Bonanova,41,998
2016,5,Sarrià-Sant Gervasi,25,Sant Gervasi - la Bonanova,42,767
2016,5,Sarrià-Sant Gervasi,25,Sant Gervasi - la Bonanova,43,882
2016,5,Sarrià-Sant Gervasi,25,Sant Gervasi - la Bonanova,44,814
2016,5,Sarrià-Sant Gervasi,25,Sant Gervasi - la Bonanova,45,1226
2016,5,Sarrià-Sant Gervasi,25,Sant Gervasi - la Bonanova,46,1057
2016,5,Sarrià-Sant Gervasi,25,Sant Gervasi - la Bonanova,47,959
2016,5,Sarrià-Sant Gervasi,25,Sant Gervasi - la Bonanova,48,1020
2016,5,Sarrià-Sant Gervasi,26,Sant Gervasi - Galvany,49,1506
2016,5,Sarrià-Sant Gervasi,26,Sant Gervasi - Galvany,50,1211
2016,5,Sarrià-Sant Gervasi,26,Sant Gervasi - Galvany,51,1275
2016,5,Sarrià-Sant Gervasi,26,Sant Gervasi - Galvany,52,1206
2016,5,Sarrià-Sant Gervasi,26,Sant Gervasi - Galvany,53,1435
2016,5,Sarrià-Sant Gervasi,26,Sant Gervasi - Galvany,54,1070
2016,5,Sarrià-Sant Gervasi,26,Sant Gervasi - Galvany,55,1490
2016,5,Sarrià-Sant Gervasi,26,Sant Gervasi - Galvany,56,1051
2016,5,Sarrià-Sant Gervasi,26,Sant Gervasi - Galvany,57,1587
2016,5,Sarrià-Sant Gervasi,26,Sant Gervasi - Galvany,58,1293
2016,5,Sarrià-Sant Gervasi,26,Sant Gervasi - Galvany,59,1643
2016,5,Sarrià-Sant Gervasi,26,Sant Gervasi - Galvany,60,993
2016,5,Sarrià-Sant Gervasi,26,Sant Gervasi - Galvany,61,1169
2016,5,Sarrià-Sant Gervasi,26,Sant Gervasi - Galvany,62,1070
2016,5,Sarrià-Sant Gervasi,26,Sant Gervasi - Galvany,63,1071
2016,5,Sarrià-Sant Gervasi,26,Sant Gervasi - Galvany,64,1011
2016,5,Sarrià-Sant Gervasi,26,Sant Gervasi - Galvany,65,1305
2016,5,Sarrià-Sant Gervasi,26,Sant Gervasi - Galvany,66,1051
2016,5,Sarrià-Sant Gervasi,26,Sant Gervasi - Galvany,67,1740
2016,5,Sarrià-Sant Gervasi,26,Sant Gervasi - Galvany,68,1501
2016,5,Sarrià-Sant Gervasi,26,Sant Gervasi - Galvany,69,1146
2016,5,Sarrià-Sant Gervasi,26,Sant Gervasi - Galvany,70,905
2016,5,Sarrià-Sant Gervasi,26,Sant Gervasi - Galvany,71,1101
2016,5,Sarrià-Sant Gervasi,26,Sant Gervasi - Galvany,72,1020
2016,5,Sarrià-Sant Gervasi,26,Sant Gervasi - Galvany,73,1160
2016,5,Sarrià-Sant Gervasi,26,Sant Gervasi - Galvany,74,1239
2016,5,Sarrià-Sant Gervasi,26,Sant Gervasi - Galvany,75,1635
2016,5,Sarrià-Sant Gervasi,26,Sant Gervasi - Galvany,76,921
2016,5,Sarrià-Sant Gervasi,26,Sant Gervasi - Galvany,77,1042
2016,5,Sarrià-Sant Gervasi,26,Sant Gervasi - Galvany,78,1333
2016,5,Sarrià-Sant Gervasi,26,Sant Gervasi - Galvany,79,871
2016,5,Sarrià-Sant Gervasi,27,el Putget i Farró,80,726
2016,5,Sarrià-Sant Gervasi,27,el Putget i Farró,81,1001
2016,5,Sarrià-Sant Gervasi,27,el Putget i Farró,82,888
2016,5,Sarrià-Sant Gervasi,27,el Putget i Farró,83,731
2016,5,Sarrià-Sant Gervasi,27,el Putget i Farró,84,720
2016,5,Sarrià-Sant Gervasi,27,el Putget i Farró,85,716
2016,5,Sarrià-Sant Gervasi,27,el Putget i Farró,86,723
2016,5,Sarrià-Sant Gervasi,27,el Putget i Farró,87,1002
2016,5,Sarrià-Sant Gervasi,27,el Putget i Farró,88,1066
2016,5,Sarrià-Sant Gervasi,27,el Putget i Farró,89,1095
2016,5,Sarrià-Sant Gervasi,27,el Putget i Farró,90,1231
2016,5,Sarrià-Sant Gervasi,27,el Putget i Farró,91,877
2016,5,Sarrià-Sant Gervasi,27,el Putget i Farró,92,1061
2016,5,Sarrià-Sant Gervasi,27,el Putget i Farró,93,788
2016,5,Sarrià-Sant Gervasi,27,el Putget i Farró,94,1891
2016,5,Sarrià-Sant Gervasi,27,el Putget i Farró,95,941
2016,5,Sarrià-Sant Gervasi,27,el Putget i Farró,96,599
2016,5,Sarrià-Sant Gervasi,27,el Putget i Farró,97,1109
2016,5,Sarrià-Sant Gervasi,27,el Putget i Farró,98,870
2016,6,Gràcia,28,Vallcarca i els Penitents,1,580
2016,6,Gràcia,28,Vallcarca i els Penitents,2,724
2016,6,Gràcia,28,Vallcarca i els Penitents,3,1244
2016,6,Gràcia,28,Vallcarca i els Penitents,4,864
2016,6,Gràcia,28,Vallcarca i els Penitents,6,670
2016,6,Gràcia,28,Vallcarca i els Penitents,7,940
2016,6,Gràcia,28,Vallcarca i els Penitents,8,990
2016,6,Gràcia,28,Vallcarca i els Penitents,9,870
2016,6,Gràcia,28,Vallcarca i els Penitents,10,600
2016,6,Gràcia,28,Vallcarca i els Penitents,11,774
2016,6,Gràcia,28,Vallcarca i els Penitents,12,762
2016,6,Gràcia,29,el Coll,13,931
2016,6,Gràcia,29,el Coll,14,662
2016,6,Gràcia,29,el Coll,15,690
2016,6,Gràcia,29,el Coll,16,783
2016,6,Gràcia,29,el Coll,17,657
2016,6,Gràcia,30,la Salut,18,715
2016,6,Gràcia,30,la Salut,19,813
2016,6,Gràcia,30,la Salut,20,593
2016,6,Gràcia,30,la Salut,21,732
2016,6,Gràcia,30,la Salut,22,747
2016,6,Gràcia,30,la Salut,23,951
2016,6,Gràcia,30,la Salut,24,1006
2016,6,Gràcia,30,la Salut,25,732
2016,6,Gràcia,30,la Salut,26,504
2016,6,Gràcia,30,la Salut,27,664
2016,6,Gràcia,31,Vila de Gràcia,28,602
2016,6,Gràcia,31,Vila de Gràcia,29,598
2016,6,Gràcia,31,Vila de Gràcia,30,625
2016,6,Gràcia,31,Vila de Gràcia,31,511
2016,6,Gràcia,31,Vila de Gràcia,32,584
2016,6,Gràcia,31,Vila de Gràcia,33,603
2016,6,Gràcia,31,Vila de Gràcia,34,743
2016,6,Gràcia,31,Vila de Gràcia,35,516
2016,6,Gràcia,31,Vila de Gràcia,36,639
2016,6,Gràcia,31,Vila de Gràcia,37,603
2016,6,Gràcia,31,Vila de Gràcia,38,560
2016,6,Gràcia,31,Vila de Gràcia,39,599
2016,6,Gràcia,31,Vila de Gràcia,40,767
2016,6,Gràcia,31,Vila de Gràcia,41,754
2016,6,Gràcia,31,Vila de Gràcia,42,790
2016,6,Gràcia,31,Vila de Gràcia,43,695
2016,6,Gràcia,31,Vila de Gràcia,44,1279
2016,6,Gràcia,31,Vila de Gràcia,45,671
2016,6,Gràcia,31,Vila de Gràcia,46,407
2016,6,Gràcia,31,Vila de Gràcia,47,435
2016,6,Gràcia,31,Vila de Gràcia,48,582
2016,6,Gràcia,31,Vila de Gràcia,49,442
2016,6,Gràcia,31,Vila de Gràcia,50,455
2016,6,Gràcia,31,Vila de Gràcia,51,440
2016,6,Gràcia,31,Vila de Gràcia,52,661
2016,6,Gràcia,31,Vila de Gràcia,53,633
2016,6,Gràcia,31,Vila de Gràcia,54,676
2016,6,Gràcia,31,Vila de Gràcia,55,489
2016,6,Gràcia,31,Vila de Gràcia,56,565
2016,6,Gràcia,31,Vila de Gràcia,57,623
2016,6,Gràcia,31,Vila de Gràcia,58,751
2016,6,Gràcia,31,Vila de Gràcia,59,623
2016,6,Gràcia,31,Vila de Gràcia,60,890
2016,6,Gràcia,31,Vila de Gràcia,61,537
2016,6,Gràcia,31,Vila de Gràcia,62,572
2016,6,Gràcia,31,Vila de Gràcia,63,649
2016,6,Gràcia,32,el Camp d'en Grassot i Gràcia Nova,64,929
2016,6,Gràcia,32,el Camp d'en Grassot i Gràcia Nova,65,523
2016,6,Gràcia,32,el Camp d'en Grassot i Gràcia Nova,66,506
2016,6,Gràcia,32,el Camp d'en Grassot i Gràcia Nova,67,848
2016,6,Gràcia,32,el Camp d'en Grassot i Gràcia Nova,68,823
2016,6,Gràcia,32,el Camp d'en Grassot i Gràcia Nova,69,484
2016,6,Gràcia,32,el Camp d'en Grassot i Gràcia Nova,70,847
2016,6,Gràcia,32,el Camp d'en Grassot i Gràcia Nova,71,574
2016,6,Gràcia,32,el Camp d'en Grassot i Gràcia Nova,72,785
2016,6,Gràcia,32,el Camp d'en Grassot i Gràcia Nova,73,745
2016,6,Gràcia,32,el Camp d'en Grassot i Gràcia Nova,74,477
2016,6,Gràcia,32,el Camp d'en Grassot i Gràcia Nova,75,677
2016,6,Gràcia,32,el Camp d'en Grassot i Gràcia Nova,76,708
2016,6,Gràcia,32,el Camp d'en Grassot i Gràcia Nova,77,576
2016,6,Gràcia,32,el Camp d'en Grassot i Gràcia Nova,78,580
2016,6,Gràcia,32,el Camp d'en Grassot i Gràcia Nova,79,606
2016,6,Gràcia,32,el Camp d'en Grassot i Gràcia Nova,80,619
2016,6,Gràcia,32,el Camp d'en Grassot i Gràcia Nova,81,614
2016,6,Gràcia,32,el Camp d'en Grassot i Gràcia Nova,82,839
2016,6,Gràcia,32,el Camp d'en Grassot i Gràcia Nova,83,902
2016,6,Gràcia,32,el Camp d'en Grassot i Gràcia Nova,84,685
2016,6,Gràcia,32,el Camp d'en Grassot i Gràcia Nova,85,704
2016,6,Gràcia,32,el Camp d'en Grassot i Gràcia Nova,86,610
2016,6,Gràcia,32,el Camp d'en Grassot i Gràcia Nova,87,1108
2016,6,Gràcia,32,el Camp d'en Grassot i Gràcia Nova,88,657
2016,7,Horta-Guinardó,33,el Baix Guinardó,1,774
2016,7,Horta-Guinardó,33,el Baix Guinardó,2,472
2016,7,Horta-Guinardó,33,el Baix Guinardó,3,650
2016,7,Horta-Guinardó,33,el Baix Guinardó,4,667
2016,7,Horta-Guinardó,33,el Baix Guinardó,5,607
2016,7,Horta-Guinardó,33,el Baix Guinardó,6,595
2016,7,Horta-Guinardó,33,el Baix Guinardó,7,520
2016,7,Horta-Guinardó,33,el Baix Guinardó,8,814
2016,7,Horta-Guinardó,33,el Baix Guinardó,9,540
2016,7,Horta-Guinardó,33,el Baix Guinardó,10,628
2016,7,Horta-Guinardó,33,el Baix Guinardó,11,495
2016,7,Horta-Guinardó,33,el Baix Guinardó,12,736
2016,7,Horta-Guinardó,33,el Baix Guinardó,13,701
2016,7,Horta-Guinardó,33,el Baix Guinardó,14,407
2016,7,Horta-Guinardó,33,el Baix Guinardó,15,736
2016,7,Horta-Guinardó,33,el Baix Guinardó,16,798
2016,7,Horta-Guinardó,33,el Baix Guinardó,17,733
2016,7,Horta-Guinardó,33,el Baix Guinardó,18,722
2016,7,Horta-Guinardó,33,el Baix Guinardó,19,812
2016,7,Horta-Guinardó,34,Can Baró,20,825
2016,7,Horta-Guinardó,34,Can Baró,21,711
2016,7,Horta-Guinardó,34,Can Baró,22,592
2016,7,Horta-Guinardó,34,Can Baró,23,748
2016,7,Horta-Guinardó,34,Can Baró,24,738
2016,7,Horta-Guinardó,34,Can Baró,25,737
2016,7,Horta-Guinardó,34,Can Baró,26,628
2016,7,Horta-Guinardó,35,el Guinardó,27,1008
2016,7,Horta-Guinardó,35,el Guinardó,28,792
2016,7,Horta-Guinardó,35,el Guinardó,29,613
2016,7,Horta-Guinardó,35,el Guinardó,30,625
2016,7,Horta-Guinardó,35,el Guinardó,31,700
2016,7,Horta-Guinardó,35,el Guinardó,32,611
2016,7,Horta-Guinardó,35,el Guinardó,33,737
2016,7,Horta-Guinardó,35,el Guinardó,34,804
2016,7,Horta-Guinardó,35,el Guinardó,35,947
2016,7,Horta-Guinardó,35,el Guinardó,36,679
2016,7,Horta-Guinardó,35,el Guinardó,37,694
2016,7,Horta-Guinardó,35,el Guinardó,38,871
2016,7,Horta-Guinardó,35,el Guinardó,39,713
2016,7,Horta-Guinardó,35,el Guinardó,40,688
2016,7,Horta-Guinardó,35,el Guinardó,41,529
2016,7,Horta-Guinardó,35,el Guinardó,42,734
2016,7,Horta-Guinardó,35,el Guinardó,43,691
2016,7,Horta-Guinardó,35,el Guinardó,44,630
2016,7,Horta-Guinardó,35,el Guinardó,45,663
2016,7,Horta-Guinardó,35,el Guinardó,46,623
2016,7,Horta-Guinardó,35,el Guinardó,47,658
2016,7,Horta-Guinardó,35,el Guinardó,48,546
2016,7,Horta-Guinardó,35,el Guinardó,49,574
2016,7,Horta-Guinardó,35,el Guinardó,50,526
2016,7,Horta-Guinardó,35,el Guinardó,51,807
2016,7,Horta-Guinardó,36,la Font d'en Fargues,52,801
2016,7,Horta-Guinardó,36,la Font d'en Fargues,53,885
2016,7,Horta-Guinardó,36,la Font d'en Fargues,54,1194
2016,7,Horta-Guinardó,36,la Font d'en Fargues,55,821
2016,7,Horta-Guinardó,36,la Font d'en Fargues,56,686
2016,7,Horta-Guinardó,36,la Font d'en Fargues,57,825
2016,7,Horta-Guinardó,36,la Font d'en Fargues,58,871
2016,7,Horta-Guinardó,37,el Carmel,59,651
2016,7,Horta-Guinardó,37,el Carmel,60,1023
2016,7,Horta-Guinardó,37,el Carmel,61,706
2016,7,Horta-Guinardó,37,el Carmel,62,611
2016,7,Horta-Guinardó,37,el Carmel,63,734
2016,7,Horta-Guinardó,37,el Carmel,64,760
2016,7,Horta-Guinardó,37,el Carmel,65,733
2016,7,Horta-Guinardó,37,el Carmel,66,755
2016,7,Horta-Guinardó,37,el Carmel,67,695
2016,7,Horta-Guinardó,37,el Carmel,68,552
2016,7,Horta-Guinardó,37,el Carmel,69,644
2016,7,Horta-Guinardó,37,el Carmel,70,647
2016,7,Horta-Guinardó,37,el Carmel,71,666
2016,7,Horta-Guinardó,37,el Carmel,72,636
2016,7,Horta-Guinardó,37,el Carmel,73,524
2016,7,Horta-Guinardó,37,el Carmel,74,729
2016,7,Horta-Guinardó,37,el Carmel,75,518
2016,7,Horta-Guinardó,37,el Carmel,76,592
2016,7,Horta-Guinardó,37,el Carmel,77,624
2016,7,Horta-Guinardó,37,el Carmel,78,604
2016,7,Horta-Guinardó,37,el Carmel,79,665
2016,7,Horta-Guinardó,37,el Carmel,80,729
2016,7,Horta-Guinardó,38,la Teixonera,81,1116
2016,7,Horta-Guinardó,38,la Teixonera,82,551
2016,7,Horta-Guinardó,38,la Teixonera,83,626
2016,7,Horta-Guinardó,38,la Teixonera,84,641
2016,7,Horta-Guinardó,38,la Teixonera,85,652
2016,7,Horta-Guinardó,38,la Teixonera,86,710
2016,7,Horta-Guinardó,38,la Teixonera,87,808
2016,7,Horta-Guinardó,38,la Teixonera,88,632
2016,7,Horta-Guinardó,39,Sant Genís dels Agudells,89,710
2016,7,Horta-Guinardó,39,Sant Genís dels Agudells,90,973
2016,7,Horta-Guinardó,39,Sant Genís dels Agudells,91,651
2016,7,Horta-Guinardó,39,Sant Genís dels Agudells,92,537
2016,7,Horta-Guinardó,39,Sant Genís dels Agudells,93,777
2016,7,Horta-Guinardó,40,Montbau,94,546
2016,7,Horta-Guinardó,40,Montbau,95,749
2016,7,Horta-Guinardó,40,Montbau,96,624
2016,7,Horta-Guinardó,40,Montbau,97,403
2016,7,Horta-Guinardó,41,la Vall d'Hebron,98,1017
2016,7,Horta-Guinardó,41,la Vall d'Hebron,99,603
2016,7,Horta-Guinardó,41,la Vall d'Hebron,100,604
2016,7,Horta-Guinardó,41,la Vall d'Hebron,101,660
2016,7,Horta-Guinardó,42,la Clota,102,320
2016,7,Horta-Guinardó,43,Horta,103,751
2016,7,Horta-Guinardó,43,Horta,104,874
2016,7,Horta-Guinardó,43,Horta,105,605
2016,7,Horta-Guinardó,43,Horta,106,568
2016,7,Horta-Guinardó,43,Horta,107,740
2016,7,Horta-Guinardó,43,Horta,108,666
2016,7,Horta-Guinardó,43,Horta,109,758
2016,7,Horta-Guinardó,43,Horta,110,474
2016,7,Horta-Guinardó,43,Horta,111,495
2016,7,Horta-Guinardó,43,Horta,112,649
2016,7,Horta-Guinardó,43,Horta,113,530
2016,7,Horta-Guinardó,43,Horta,114,625
2016,7,Horta-Guinardó,43,Horta,115,610
2016,7,Horta-Guinardó,43,Horta,116,737
2016,7,Horta-Guinardó,43,Horta,117,568
2016,7,Horta-Guinardó,43,Horta,118,604
2016,7,Horta-Guinardó,43,Horta,119,527
2016,7,Horta-Guinardó,43,Horta,120,614
2016,7,Horta-Guinardó,43,Horta,121,495
2016,7,Horta-Guinardó,43,Horta,122,567
2016,7,Horta-Guinardó,43,Horta,123,708
2016,8,Nou Barris,44,Vilapicina i la Torre Llobeta,1,592
2016,8,Nou Barris,44,Vilapicina i la Torre Llobeta,2,587
2016,8,Nou Barris,44,Vilapicina i la Torre Llobeta,3,651
2016,8,Nou Barris,44,Vilapicina i la Torre Llobeta,4,580
2016,8,Nou Barris,44,Vilapicina i la Torre Llobeta,5,537
2016,8,Nou Barris,44,Vilapicina i la Torre Llobeta,6,740
2016,8,Nou Barris,44,Vilapicina i la Torre Llobeta,7,587
2016,8,Nou Barris,44,Vilapicina i la Torre Llobeta,8,770
2016,8,Nou Barris,44,Vilapicina i la Torre Llobeta,9,657
2016,8,Nou Barris,44,Vilapicina i la Torre Llobeta,10,668
2016,8,Nou Barris,44,Vilapicina i la Torre Llobeta,11,495
2016,8,Nou Barris,44,Vilapicina i la Torre Llobeta,12,555
2016,8,Nou Barris,44,Vilapicina i la Torre Llobeta,13,495
2016,8,Nou Barris,44,Vilapicina i la Torre Llobeta,14,455
2016,8,Nou Barris,44,Vilapicina i la Torre Llobeta,15,508
2016,8,Nou Barris,44,Vilapicina i la Torre Llobeta,16,490
2016,8,Nou Barris,44,Vilapicina i la Torre Llobeta,17,694
2016,8,Nou Barris,44,Vilapicina i la Torre Llobeta,18,629
2016,8,Nou Barris,44,Vilapicina i la Torre Llobeta,19,670
2016,8,Nou Barris,45,Porta,20,526
2016,8,Nou Barris,45,Porta,21,574
2016,8,Nou Barris,45,Porta,22,580
2016,8,Nou Barris,45,Porta,23,588
2016,8,Nou Barris,45,Porta,24,568
2016,8,Nou Barris,45,Porta,25,430
2016,8,Nou Barris,45,Porta,26,493
2016,8,Nou Barris,45,Porta,27,565
2016,8,Nou Barris,45,Porta,28,516
2016,8,Nou Barris,45,Porta,29,687
2016,8,Nou Barris,45,Porta,30,640
2016,8,Nou Barris,45,Porta,31,621
2016,8,Nou Barris,45,Porta,32,617
2016,8,Nou Barris,45,Porta,33,553
2016,8,Nou Barris,45,Porta,34,370
2016,8,Nou Barris,45,Porta,35,519
2016,8,Nou Barris,45,Porta,36,529
2016,8,Nou Barris,45,Porta,37,550
2016,8,Nou Barris,46,el Turó de la Peira,38,571
2016,8,Nou Barris,46,el Turó de la Peira,39,598
2016,8,Nou Barris,46,el Turó de la Peira,40,542
2016,8,Nou Barris,46,el Turó de la Peira,41,676
2016,8,Nou Barris,46,el Turó de la Peira,42,526
2016,8,Nou Barris,46,el Turó de la Peira,43,339
2016,8,Nou Barris,46,el Turó de la Peira,44,461
2016,8,Nou Barris,46,el Turó de la Peira,45,525
2016,8,Nou Barris,46,el Turó de la Peira,46,490
2016,8,Nou Barris,46,el Turó de la Peira,47,459
2016,8,Nou Barris,47,Can Peguera,48,403
2016,8,Nou Barris,47,Can Peguera,49,550
2016,8,Nou Barris,48,la Guineueta,50,628
2016,8,Nou Barris,48,la Guineueta,51,590
2016,8,Nou Barris,48,la Guineueta,52,452
2016,8,Nou Barris,48,la Guineueta,53,544
2016,8,Nou Barris,48,la Guineueta,54,771
2016,8,Nou Barris,48,la Guineueta,55,977
2016,8,Nou Barris,48,la Guineueta,56,609
2016,8,Nou Barris,48,la Guineueta,57,552
2016,8,Nou Barris,48,la Guineueta,58,590
2016,8,Nou Barris,48,la Guineueta,59,410
2016,8,Nou Barris,49,Canyelles,60,723
2016,8,Nou Barris,49,Canyelles,61,828
2016,8,Nou Barris,49,Canyelles,62,680
2016,8,Nou Barris,49,Canyelles,63,709
2016,8,Nou Barris,49,Canyelles,64,844
2016,8,Nou Barris,50,les Roquetes,65,717
2016,8,Nou Barris,50,les Roquetes,66,747
2016,8,Nou Barris,50,les Roquetes,67,815
2016,8,Nou Barris,50,les Roquetes,68,717
2016,8,Nou Barris,50,les Roquetes,69,656
2016,8,Nou Barris,50,les Roquetes,70,579
2016,8,Nou Barris,50,les Roquetes,71,681
2016,8,Nou Barris,50,les Roquetes,72,566
2016,8,Nou Barris,50,les Roquetes,73,553
2016,8,Nou Barris,50,les Roquetes,74,605
2016,8,Nou Barris,51,Verdun,75,730
2016,8,Nou Barris,51,Verdun,76,675
2016,8,Nou Barris,51,Verdun,77,526
2016,8,Nou Barris,51,Verdun,78,519
2016,8,Nou Barris,51,Verdun,79,543
2016,8,Nou Barris,51,Verdun,80,610
2016,8,Nou Barris,51,Verdun,81,536
2016,8,Nou Barris,51,Verdun,82,643
2016,8,Nou Barris,52,la Prosperitat,83,503
2016,8,Nou Barris,52,la Prosperitat,84,492
2016,8,Nou Barris,52,la Prosperitat,85,646
2016,8,Nou Barris,52,la Prosperitat,86,726
2016,8,Nou Barris,52,la Prosperitat,87,535
2016,8,Nou Barris,52,la Prosperitat,88,496
2016,8,Nou Barris,52,la Prosperitat,89,518
2016,8,Nou Barris,52,la Prosperitat,90,543
2016,8,Nou Barris,52,la Prosperitat,91,605
2016,8,Nou Barris,52,la Prosperitat,92,514
2016,8,Nou Barris,52,la Prosperitat,93,486
2016,8,Nou Barris,52,la Prosperitat,94,623
2016,8,Nou Barris,52,la Prosperitat,95,478
2016,8,Nou Barris,52,la Prosperitat,96,845
2016,8,Nou Barris,52,la Prosperitat,97,561
2016,8,Nou Barris,52,la Prosperitat,98,550
2016,8,Nou Barris,52,la Prosperitat,99,611
2016,8,Nou Barris,52,la Prosperitat,100,463
2016,8,Nou Barris,52,la Prosperitat,101,703
2016,8,Nou Barris,52,la Prosperitat,102,466
2016,8,Nou Barris,53,la Trinitat Nova,103,502
2016,8,Nou Barris,53,la Trinitat Nova,104,379
2016,8,Nou Barris,53,la Trinitat Nova,105,562
2016,8,Nou Barris,53,la Trinitat Nova,106,531
2016,8,Nou Barris,53,la Trinitat Nova,107,692
2016,8,Nou Barris,54,Torre Baró,108,746
2016,8,Nou Barris,54,Torre Baró,109,545
2016,8,Nou Barris,55,Ciutat Meridiana,110,670
2016,8,Nou Barris,55,Ciutat Meridiana,111,575
2016,8,Nou Barris,55,Ciutat Meridiana,112,571
2016,8,Nou Barris,55,Ciutat Meridiana,113,575
2016,8,Nou Barris,55,Ciutat Meridiana,114,776
2016,8,Nou Barris,55,Ciutat Meridiana,115,560
2016,8,Nou Barris,56,Vallbona,116,653
2016,8,Nou Barris,48,la Guineueta,215,602
2016,9,Sant Andreu,57,la Trinitat Vella,1,932
2016,9,Sant Andreu,57,la Trinitat Vella,2,809
2016,9,Sant Andreu,57,la Trinitat Vella,3,828
2016,9,Sant Andreu,57,la Trinitat Vella,4,679
2016,9,Sant Andreu,57,la Trinitat Vella,5,658
2016,9,Sant Andreu,58,Baró de Viver,6,468
2016,9,Sant Andreu,58,Baró de Viver,7,504
2016,9,Sant Andreu,59,el Bon Pastor,8,875
2016,9,Sant Andreu,59,el Bon Pastor,9,1257
2016,9,Sant Andreu,59,el Bon Pastor,10,895
2016,9,Sant Andreu,59,el Bon Pastor,11,759
2016,9,Sant Andreu,59,el Bon Pastor,13,655
2016,9,Sant Andreu,59,el Bon Pastor,14,668
2016,9,Sant Andreu,59,el Bon Pastor,15,1994
2016,9,Sant Andreu,60,Sant Andreu,16,718
2016,9,Sant Andreu,60,Sant Andreu,17,677
2016,9,Sant Andreu,60,Sant Andreu,18,741
2016,9,Sant Andreu,60,Sant Andreu,19,1294
2016,9,Sant Andreu,60,Sant Andreu,20,569
2016,9,Sant Andreu,60,Sant Andreu,21,792
2016,9,Sant Andreu,60,Sant Andreu,22,560
2016,9,Sant Andreu,60,Sant Andreu,23,587
2016,9,Sant Andreu,60,Sant Andreu,24,523
2016,9,Sant Andreu,60,Sant Andreu,25,550
2016,9,Sant Andreu,60,Sant Andreu,26,751
2016,9,Sant Andreu,60,Sant Andreu,27,734
2016,9,Sant Andreu,60,Sant Andreu,28,747
2016,9,Sant Andreu,60,Sant Andreu,29,536
2016,9,Sant Andreu,60,Sant Andreu,30,703
2016,9,Sant Andreu,60,Sant Andreu,31,509
2016,9,Sant Andreu,60,Sant Andreu,32,701
2016,9,Sant Andreu,60,Sant Andreu,33,1464
2016,9,Sant Andreu,60,Sant Andreu,34,747
2016,9,Sant Andreu,60,Sant Andreu,35,719
2016,9,Sant Andreu,60,Sant Andreu,36,669
2016,9,Sant Andreu,60,Sant Andreu,37,614
2016,9,Sant Andreu,60,Sant Andreu,38,743
2016,9,Sant Andreu,60,Sant Andreu,39,808
2016,9,Sant Andreu,60,Sant Andreu,40,675
2016,9,Sant Andreu,60,Sant Andreu,41,662
2016,9,Sant Andreu,60,Sant Andreu,42,610
2016,9,Sant Andreu,60,Sant Andreu,43,657
2016,9,Sant Andreu,60,Sant Andreu,44,729
2016,9,Sant Andreu,60,Sant Andreu,45,640
2016,9,Sant Andreu,60,Sant Andreu,46,651
2016,9,Sant Andreu,60,Sant Andreu,47,704
2016,9,Sant Andreu,60,Sant Andreu,48,591
2016,9,Sant Andreu,60,Sant Andreu,49,519
2016,9,Sant Andreu,60,Sant Andreu,50,719
2016,9,Sant Andreu,60,Sant Andreu,51,579
2016,9,Sant Andreu,60,Sant Andreu,52,516
2016,9,Sant Andreu,60,Sant Andreu,53,730
2016,9,Sant Andreu,60,Sant Andreu,54,435
2016,9,Sant Andreu,61,la Sagrera,55,826
2016,9,Sant Andreu,61,la Sagrera,56,558
2016,9,Sant Andreu,61,la Sagrera,57,681
2016,9,Sant Andreu,61,la Sagrera,58,571
2016,9,Sant Andreu,61,la Sagrera,59,535
2016,9,Sant Andreu,61,la Sagrera,60,588
2016,9,Sant Andreu,61,la Sagrera,61,863
2016,9,Sant Andreu,61,la Sagrera,62,501
2016,9,Sant Andreu,61,la Sagrera,63,565
2016,9,Sant Andreu,61,la Sagrera,64,649
2016,9,Sant Andreu,61,la Sagrera,65,952
2016,9,Sant Andreu,61,la Sagrera,66,709
2016,9,Sant Andreu,61,la Sagrera,67,482
2016,9,Sant Andreu,61,la Sagrera,68,688
2016,9,Sant Andreu,61,la Sagrera,69,365
2016,9,Sant Andreu,61,la Sagrera,70,636
2016,9,Sant Andreu,61,la Sagrera,71,798
2016,9,Sant Andreu,61,la Sagrera,72,504
2016,9,Sant Andreu,61,la Sagrera,73,712
2016,9,Sant Andreu,62,el Congrés i els Indians,74,596
2016,9,Sant Andreu,62,el Congrés i els Indians,75,544
2016,9,Sant Andreu,62,el Congrés i els Indians,76,498
2016,9,Sant Andreu,62,el Congrés i els Indians,77,536
2016,9,Sant Andreu,62,el Congrés i els Indians,78,644
2016,9,Sant Andreu,62,el Congrés i els Indians,79,679
2016,9,Sant Andreu,62,el Congrés i els Indians,80,600
2016,9,Sant Andreu,62,el Congrés i els Indians,81,744
2016,9,Sant Andreu,62,el Congrés i els Indians,82,824
2016,9,Sant Andreu,63,Navas,83,702
2016,9,Sant Andreu,63,Navas,84,846
2016,9,Sant Andreu,63,Navas,85,767
2016,9,Sant Andreu,63,Navas,86,651
2016,9,Sant Andreu,63,Navas,87,632
2016,9,Sant Andreu,63,Navas,88,745
2016,9,Sant Andreu,63,Navas,89,600
2016,9,Sant Andreu,63,Navas,90,754
2016,9,Sant Andreu,63,Navas,91,840
2016,9,Sant Andreu,63,Navas,92,1000
2016,9,Sant Andreu,63,Navas,93,694
2016,9,Sant Andreu,63,Navas,94,940
2016,9,Sant Andreu,63,Navas,95,924
2016,9,Sant Andreu,61,la Sagrera,156,673
2016,10,Sant Martí,64,Camp de l'Arpa del Clot,1,674
2016,10,Sant Martí,64,Camp de l'Arpa del Clot,2,790
2016,10,Sant Martí,64,Camp de l'Arpa del Clot,3,639
2016,10,Sant Martí,64,Camp de l'Arpa del Clot,4,702
2016,10,Sant Martí,64,Camp de l'Arpa del Clot,5,866
2016,10,Sant Martí,64,Camp de l'Arpa del Clot,6,784
2016,10,Sant Martí,64,Camp de l'Arpa del Clot,7,776
2016,10,Sant Martí,64,Camp de l'Arpa del Clot,8,725
2016,10,Sant Martí,64,Camp de l'Arpa del Clot,9,708
2016,10,Sant Martí,64,Camp de l'Arpa del Clot,10,837
2016,10,Sant Martí,64,Camp de l'Arpa del Clot,11,571
2016,10,Sant Martí,64,Camp de l'Arpa del Clot,12,820
2016,10,Sant Martí,64,Camp de l'Arpa del Clot,13,641
2016,10,Sant Martí,64,Camp de l'Arpa del Clot,14,638
2016,10,Sant Martí,64,Camp de l'Arpa del Clot,15,857
2016,10,Sant Martí,64,Camp de l'Arpa del Clot,16,602
2016,10,Sant Martí,64,Camp de l'Arpa del Clot,17,782
2016,10,Sant Martí,64,Camp de l'Arpa del Clot,18,577
2016,10,Sant Martí,64,Camp de l'Arpa del Clot,19,694
2016,10,Sant Martí,64,Camp de l'Arpa del Clot,20,592
2016,10,Sant Martí,64,Camp de l'Arpa del Clot,21,579
2016,10,Sant Martí,64,Camp de l'Arpa del Clot,22,599
2016,10,Sant Martí,64,Camp de l'Arpa del Clot,23,628
2016,10,Sant Martí,64,Camp de l'Arpa del Clot,24,607
2016,10,Sant Martí,64,Camp de l'Arpa del Clot,25,540
2016,10,Sant Martí,65,el Clot,26,683
2016,10,Sant Martí,65,el Clot,27,720
2016,10,Sant Martí,65,el Clot,28,811
2016,10,Sant Martí,65,el Clot,29,608
2016,10,Sant Martí,65,el Clot,30,835
2016,10,Sant Martí,65,el Clot,31,690
2016,10,Sant Martí,65,el Clot,32,737
2016,10,Sant Martí,65,el Clot,33,465
2016,10,Sant Martí,65,el Clot,34,839
2016,10,Sant Martí,65,el Clot,35,968
2016,10,Sant Martí,65,el Clot,36,698
2016,10,Sant Martí,65,el Clot,37,394
2016,10,Sant Martí,65,el Clot,38,767
2016,10,Sant Martí,65,el Clot,39,701
2016,10,Sant Martí,65,el Clot,40,771
2016,10,Sant Martí,65,el Clot,41,747
2016,10,Sant Martí,66,el Parc i la Llacuna del Poblenou,42,1716
2016,10,Sant Martí,66,el Parc i la Llacuna del Poblenou,43,1692
2016,10,Sant Martí,66,el Parc i la Llacuna del Poblenou,44,764
2016,10,Sant Martí,66,el Parc i la Llacuna del Poblenou,45,616
2016,10,Sant Martí,66,el Parc i la Llacuna del Poblenou,46,706
2016,10,Sant Martí,66,el Parc i la Llacuna del Poblenou,47,846
2016,10,Sant Martí,66,el Parc i la Llacuna del Poblenou,48,764
2016,10,Sant Martí,66,el Parc i la Llacuna del Poblenou,49,636
2016,10,Sant Martí,66,el Parc i la Llacuna del Poblenou,50,849
2016,10,Sant Martí,67,la Vila Olímpica del Poblenou,51,769
2016,10,Sant Martí,67,la Vila Olímpica del Poblenou,52,1408
2016,10,Sant Martí,67,la Vila Olímpica del Poblenou,53,1136
2016,10,Sant Martí,67,la Vila Olímpica del Poblenou,54,565
2016,10,Sant Martí,67,la Vila Olímpica del Poblenou,55,1663
2016,10,Sant Martí,68,el Poblenou,56,1000
2016,10,Sant Martí,68,el Poblenou,57,723
2016,10,Sant Martí,68,el Poblenou,58,573
2016,10,Sant Martí,68,el Poblenou,59,744
2016,10,Sant Martí,68,el Poblenou,60,709
2016,10,Sant Martí,68,el Poblenou,61,907
2016,10,Sant Martí,68,el Poblenou,62,734
2016,10,Sant Martí,68,el Poblenou,63,603
2016,10,Sant Martí,68,el Poblenou,64,769
2016,10,Sant Martí,68,el Poblenou,65,697
2016,10,Sant Martí,68,el Poblenou,66,962
2016,10,Sant Martí,68,el Poblenou,67,767
2016,10,Sant Martí,68,el Poblenou,68,681
2016,10,Sant Martí,68,el Poblenou,69,738
2016,10,Sant Martí,68,el Poblenou,70,689
2016,10,Sant Martí,68,el Poblenou,71,948
2016,10,Sant Martí,68,el Poblenou,72,960
2016,10,Sant Martí,68,el Poblenou,73,756
2016,10,Sant Martí,68,el Poblenou,74,696
2016,10,Sant Martí,68,el Poblenou,75,701
2016,10,Sant Martí,69,Diagonal Mar i el Front Marítim del Poblenou,76,703
2016,10,Sant Martí,69,Diagonal Mar i el Front Marítim del Poblenou,77,861
2016,10,Sant Martí,69,Diagonal Mar i el Front Marítim del Poblenou,78,1085
2016,10,Sant Martí,69,Diagonal Mar i el Front Marítim del Poblenou,79,867
2016,10,Sant Martí,69,Diagonal Mar i el Front Marítim del Poblenou,80,1155
2016,10,Sant Martí,70,el Besòs i el Maresme,81,642
2016,10,Sant Martí,70,el Besòs i el Maresme,82,561
2016,10,Sant Martí,70,el Besòs i el Maresme,83,606
2016,10,Sant Martí,70,el Besòs i el Maresme,84,553
2016,10,Sant Martí,70,el Besòs i el Maresme,85,560
2016,10,Sant Martí,70,el Besòs i el Maresme,86,623
2016,10,Sant Martí,70,el Besòs i el Maresme,87,596
2016,10,Sant Martí,70,el Besòs i el Maresme,88,697
2016,10,Sant Martí,70,el Besòs i el Maresme,89,759
2016,10,Sant Martí,70,el Besòs i el Maresme,90,549
2016,10,Sant Martí,70,el Besòs i el Maresme,91,810
2016,10,Sant Martí,70,el Besòs i el Maresme,92,816
2016,10,Sant Martí,70,el Besòs i el Maresme,93,631
2016,10,Sant Martí,71,Provençals del Poblenou,94,1404
2016,10,Sant Martí,71,Provençals del Poblenou,95,511
2016,10,Sant Martí,71,Provençals del Poblenou,96,682
2016,10,Sant Martí,71,Provençals del Poblenou,97,673
2016,10,Sant Martí,71,Provençals del Poblenou,98,1043
2016,10,Sant Martí,71,Provençals del Poblenou,99,402
2016,10,Sant Martí,71,Provençals del Poblenou,100,839
2016,10,Sant Martí,71,Provençals del Poblenou,101,1259
2016,10,Sant Martí,71,Provençals del Poblenou,102,1153
2016,10,Sant Martí,71,Provençals del Poblenou,103,1137
2016,10,Sant Martí,71,Provençals del Poblenou,104,965
2016,10,Sant Martí,72,Sant Martí de Provençals,105,1085
2016,10,Sant Martí,72,Sant Martí de Provençals,106,523
2016,10,Sant Martí,72,Sant Martí de Provençals,107,746
2016,10,Sant Martí,72,Sant Martí de Provençals,108,672
2016,10,Sant Martí,72,Sant Martí de Provençals,109,590
2016,10,Sant Martí,72,Sant Martí de Provençals,110,610
2016,10,Sant Martí,72,Sant Martí de Provençals,111,581
2016,10,Sant Martí,72,Sant Martí de Provençals,112,892
2016,10,Sant Martí,72,Sant Martí de Provençals,113,446
2016,10,Sant Martí,72,Sant Martí de Provençals,114,541
2016,10,Sant Martí,72,Sant Martí de Provençals,115,516
2016,10,Sant Martí,72,Sant Martí de Provençals,116,752
2016,10,Sant Martí,72,Sant Martí de Provençals,117,598
2016,10,Sant Martí,72,Sant Martí de Provençals,118,731
2016,10,Sant Martí,72,Sant Martí de Provençals,119,467
2016,10,Sant Martí,72,Sant Martí de Provençals,120,546
2016,10,Sant Martí,72,Sant Martí de Provençals,121,564
2016,10,Sant Martí,72,Sant Martí de Provençals,122,826
2016,10,Sant Martí,73,la Verneda i la Pau,123,660
2016,10,Sant Martí,73,la Verneda i la Pau,124,586
2016,10,Sant Martí,73,la Verneda i la Pau,125,528
2016,10,Sant Martí,73,la Verneda i la Pau,126,561
2016,10,Sant Martí,73,la Verneda i la Pau,127,459
2016,10,Sant Martí,73,la Verneda i la Pau,128,833
2016,10,Sant Martí,73,la Verneda i la Pau,129,648
2016,10,Sant Martí,73,la Verneda i la Pau,130,543
2016,10,Sant Martí,73,la Verneda i la Pau,131,653
2016,10,Sant Martí,73,la Verneda i la Pau,132,549
2016,10,Sant Martí,73,la Verneda i la Pau,133,766
2016,10,Sant Martí,73,la Verneda i la Pau,134,605
2016,10,Sant Martí,73,la Verneda i la Pau,135,655
2016,10,Sant Martí,73,la Verneda i la Pau,136,616
2016,10,Sant Martí,73,la Verneda i la Pau,137,1083
2016,10,Sant Martí,73,la Verneda i la Pau,138,633
2016,10,Sant Martí,73,la Verneda i la Pau,139,597
2016,10,Sant Martí,73,la Verneda i la Pau,140,555
2016,10,Sant Martí,73,la Verneda i la Pau,141,426
2016,10,Sant Martí,73,la Verneda i la Pau,142,537
2016,10,Sant Martí,73,la Verneda i la Pau,143,724
2016,10,Sant Martí,65,el Clot,234,889
2016,10,Sant Martí,69,Diagonal Mar i el Front Marítim del Poblenou,235,583
2016,10,Sant Martí,69,Diagonal Mar i el Front Marítim del Poblenou,236,719
2016,10,Sant Martí,71,Provençals del Poblenou,237,431
2016,No consta,No consta,No consta,No consta,No consta,1296
